<publishData>
  <publishTarget publishUrl="D:\产品开发\企站帮CMS\pubv1\">
    <file relUrl="bin/ECMS.Web.dll" publishTime="10/20/2014 15:32:30" />
    <file relUrl="backend/editor/plugins/emoticons/images/70.gif" publishTime="08/12/2012 17:15:05" />
    <file relUrl="backend/editor/plugins/emoticons/images/43.gif" publishTime="08/12/2012 17:15:05" />
    <file relUrl="backend/editor/plugins/emoticons/images/28.gif" publishTime="08/12/2012 17:15:05" />
    <file relUrl="backend/editor/plugins/emoticons/images/95.gif" publishTime="08/12/2012 17:15:05" />
    <file relUrl="backend/editor/plugins/emoticons/images/134.gif" publishTime="08/12/2012 17:15:05" />
    <file relUrl="backend/editor/plugins/emoticons/images/39.gif" publishTime="08/12/2012 17:15:05" />
    <file relUrl="backend/editor/plugins/emoticons/images/76.gif" publishTime="08/12/2012 17:15:05" />
    <file relUrl="backend/editor/plugins/emoticons/images/26.gif" publishTime="08/12/2012 17:15:05" />
    <file relUrl="backend/editor/plugins/emoticons/images/55.gif" publishTime="08/12/2012 17:15:05" />
    <file relUrl="backend/editor/plugins/emoticons/images/32.gif" publishTime="08/12/2012 17:15:05" />
    <file relUrl="backend/editor/plugins/emoticons/images/61.gif" publishTime="08/12/2012 17:15:05" />
    <file relUrl="backend/editor/plugins/emoticons/images/5.gif" publishTime="08/12/2012 17:15:05" />
    <file relUrl="backend/editor/plugins/template/html/2.html" publishTime="08/12/2012 17:15:05" />
    <file relUrl="backend/upload.aspx" publishTime="10/21/2014 11:30:55" />
    <file relUrl="backend/memberedit.aspx" publishTime="10/21/2014 16:34:37" />
    <file relUrl="backend/editor/plugins/emoticons/images/68.gif" publishTime="08/12/2012 17:15:05" />
    <file relUrl="backend/editor/plugins/emoticons/images/125.gif" publishTime="08/12/2012 17:15:05" />
    <file relUrl="backend/editor/plugins/emoticons/images/88.gif" publishTime="08/12/2012 17:15:05" />
    <file relUrl="backend/editor/plugins/multiimage/images/select-files-en.png" publishTime="08/12/2012 17:15:05" />
    <file relUrl="backend/singlepagelist.aspx" publishTime="10/21/2014 15:44:01" />
    <file relUrl="backend/editor/plugins/code/prettify.js" publishTime="08/12/2012 17:15:05" />
    <file relUrl="backend/editor/plugins/emoticons/images/67.gif" publishTime="08/12/2012 17:15:05" />
    <file relUrl="backend/editor/plugins/emoticons/images/27.gif" publishTime="08/12/2012 17:15:05" />
    <file relUrl="backend/editor/plugins/quickformat/quickformat.js" publishTime="08/12/2012 17:15:05" />
    <file relUrl="backend/editor/plugins/emoticons/images/13.gif" publishTime="08/12/2012 17:15:05" />
    <file relUrl="backend/editor/plugins/emoticons/images/123.gif" publishTime="08/12/2012 17:15:05" />
    <file relUrl="backend/editor/plugins/emoticons/images/34.gif" publishTime="08/12/2012 17:15:05" />
    <file relUrl="backend/editor/plugins/emoticons/images/3.gif" publishTime="08/12/2012 17:15:05" />
    <file relUrl="backend/editor/plugins/emoticons/images/17.gif" publishTime="08/12/2012 17:15:05" />
    <file relUrl="backend/editor/themes/common/anchor.gif" publishTime="08/12/2012 17:15:05" />
    <file relUrl="backend/editor/plugins/multiimage/multiimage.js" publishTime="08/12/2012 17:15:05" />
    <file relUrl="backend/editor/plugins/emoticons/images/107.gif" publishTime="08/12/2012 17:15:05" />
    <file relUrl="backend/editor/upload_json.ashx" publishTime="08/12/2012 22:28:20" />
    <file relUrl="backend/editor/plugins/emoticons/images/58.gif" publishTime="08/12/2012 17:15:05" />
    <file relUrl="backend/editor/plugins/emoticons/images/92.gif" publishTime="08/12/2012 17:15:05" />
    <file relUrl="backend/editor/plugins/filemanager/images/go-up.gif" publishTime="08/12/2012 17:15:05" />
    <file relUrl="backend/editor/plugins/emoticons/images/51.gif" publishTime="08/12/2012 17:15:05" />
    <file relUrl="backend/editor/plugins/emoticons/images/110.gif" publishTime="08/12/2012 17:15:05" />
    <file relUrl="backend/editor/plugins/emoticons/images/11.gif" publishTime="08/12/2012 17:15:05" />
    <file relUrl="backend/uploadvideo.aspx" publishTime="10/20/2014 15:42:44" />
    <file relUrl="backend/articlelist.aspx" publishTime="10/21/2014 16:12:56" />
    <file relUrl="backend/editor/plugins/baidumap/baidumap.js" publishTime="08/12/2012 17:15:05" />
    <file relUrl="bin/ECMS.Core.pdb" publishTime="09/30/2014 11:03:12" />
    <file relUrl="images/banner.jpg" publishTime="10/21/2014 17:08:34" />
    <file relUrl="backend/editor/lang/zh_CN.js" publishTime="08/12/2012 17:15:05" />
    <file relUrl="images/a3.gif" publishTime="10/21/2014 17:08:34" />
    <file relUrl="backend/editor/plugins/clearhtml/clearhtml.js" publishTime="08/12/2012 17:15:05" />
    <file relUrl="backend/editor/plugins/emoticons/images/23.gif" publishTime="08/12/2012 17:15:05" />
    <file relUrl="backend/editor/themes/common/media.gif" publishTime="08/12/2012 17:15:05" />
    <file relUrl="backend/editor/plugins/emoticons/images/72.gif" publishTime="08/12/2012 17:15:05" />
    <file relUrl="backend/editor/plugins/emoticons/images/50.gif" publishTime="08/12/2012 17:15:05" />
    <file relUrl="backend/editor/plugins/emoticons/images/130.gif" publishTime="08/12/2012 17:15:05" />
    <file relUrl="verifyimagepage.aspx" publishTime="10/20/2014 15:43:32" />
    <file relUrl="backend/editor/themes/common/flash.gif" publishTime="08/12/2012 17:15:05" />
    <file relUrl="backend/editor/themes/qq/qq.css" publishTime="08/12/2012 17:15:05" />
    <file relUrl="backend/editor/plugins/emoticons/images/102.gif" publishTime="08/12/2012 17:15:05" />
    <file relUrl="backend/editor/plugins/filemanager/images/file-16.gif" publishTime="08/12/2012 17:15:05" />
    <file relUrl="backend/editor/lang/ar.js" publishTime="08/12/2012 17:15:05" />
    <file relUrl="newshow.aspx" publishTime="10/27/2014 10:56:25" />
    <file relUrl="backend/channellist.aspx" publishTime="10/21/2014 11:54:32" />
    <file relUrl="backend/editor/plugins/emoticons/images/129.gif" publishTime="08/12/2012 17:15:05" />
    <file relUrl="backend/editor/plugins/map/map.js" publishTime="08/12/2012 17:15:05" />
    <file relUrl="backend/editor/plugins/image/images/refresh.png" publishTime="08/12/2012 17:15:05" />
    <file relUrl="backend/editor/plugins/emoticons/images/63.gif" publishTime="08/12/2012 17:15:05" />
    <file relUrl="backend/sitesetting.aspx" publishTime="10/21/2014 11:04:42" />
    <file relUrl="backend/editor/plugins/emoticons/images/113.gif" publishTime="08/12/2012 17:15:05" />
    <file relUrl="backend/editor/plugins/emoticons/images/94.gif" publishTime="08/12/2012 17:15:05" />
    <file relUrl="backend/editor/plugins/emoticons/images/127.gif" publishTime="08/12/2012 17:15:05" />
    <file relUrl="backend/top.aspx" publishTime="10/21/2014 10:31:37" />
    <file relUrl="backend/editor/plugins/multiimage/images/swfupload.swf" publishTime="08/12/2012 17:15:05" />
    <file relUrl="backend/editor/plugins/emoticons/images/38.gif" publishTime="08/12/2012 17:15:05" />
    <file relUrl="index.aspx" publishTime="11/02/2014 14:15:52" />
    <file relUrl="backend/linkcategorylist.aspx" publishTime="10/21/2014 15:25:20" />
    <file relUrl="backend/editor/plugins/media/media.js" publishTime="08/12/2012 17:15:05" />
    <file relUrl="bin/AspNetPager.dll" publishTime="06/29/2006 10:57:22" />
    <file relUrl="backend/leftindex.aspx" publishTime="10/27/2014 16:56:56" />
    <file relUrl="backend/editor/plugins/emoticons/images/54.gif" publishTime="08/12/2012 17:15:05" />
    <file relUrl="backend/editor/plugins/emoticons/images/49.gif" publishTime="08/12/2012 17:15:05" />
    <file relUrl="bin/LitJSON.dll" publishTime="07/21/2012 19:19:06" />
    <file relUrl="backend/editor/plugins/emoticons/images/36.gif" publishTime="08/12/2012 17:15:05" />
    <file relUrl="backend/editor/plugins/emoticons/images/1.gif" publishTime="08/12/2012 17:15:05" />
    <file relUrl="backend/editor/plugins/emoticons/images/15.gif" publishTime="08/12/2012 17:15:05" />
    <file relUrl="backend/editor/plugins/emoticons/images/29.gif" publishTime="08/12/2012 17:15:05" />
    <file relUrl="backend/editor/kindeditor.js" publishTime="08/12/2012 17:15:05" />
    <file relUrl="backend/editor/plugins/emoticons/images/78.gif" publishTime="08/12/2012 17:15:05" />
    <file relUrl="backend/editor/plugins/filemanager/images/folder-16.gif" publishTime="08/12/2012 17:15:05" />
    <file relUrl="backend/linkedit.aspx" publishTime="10/22/2014 16:31:03" />
    <file relUrl="bin/ECMS.Web.pdb" publishTime="10/20/2014 15:32:30" />
    <file relUrl="backend/editor/plugins/link/link.js" publishTime="08/12/2012 17:15:05" />
    <file relUrl="backend/memberlist.aspx" publishTime="10/21/2014 16:32:07" />
    <file relUrl="backend/editor/plugins/emoticons/images/122.gif" publishTime="08/12/2012 17:15:05" />
    <file relUrl="backend/videocategorylist.aspx" publishTime="10/20/2014 15:42:44" />
    <file relUrl="backend/editor/plugins/filemanager/images/file-64.gif" publishTime="08/12/2012 17:15:05" />
    <file relUrl="backend/admincp.aspx" publishTime="10/21/2014 10:16:43" />
    <file relUrl="backend/editor/plugins/emoticons/images/89.gif" publishTime="08/12/2012 17:15:05" />
    <file relUrl="bin/QiZhanBang.Web.dll" publishTime="10/27/2014 16:55:56" />
    <file relUrl="backend/editor/plugins/emoticons/images/69.gif" publishTime="08/12/2012 17:15:05" />
    <file relUrl="backend/editor/plugins/emoticons/images/80.gif" publishTime="08/12/2012 17:15:05" />
    <file relUrl="backend/editor/plugins/emoticons/images/120.gif" publishTime="08/12/2012 17:15:05" />
    <file relUrl="backend/editor/plugins/emoticons/images/10.gif" publishTime="08/12/2012 17:15:05" />
    <file relUrl="backend/editor/themes/common/blank.gif" publishTime="08/12/2012 17:15:05" />
    <file relUrl="backend/editor/plugins/emoticons/images/100.gif" publishTime="08/12/2012 17:15:05" />
    <file relUrl="images/bottom.png" publishTime="10/21/2014 17:08:34" />
    <file relUrl="backend/editor/plugins/emoticons/images/116.gif" publishTime="08/12/2012 17:15:05" />
    <file relUrl="backend/editor/plugins/emoticons/images/82.gif" publishTime="08/12/2012 17:15:05" />
    <file relUrl="backend/editor/plugins/emoticons/images/117.gif" publishTime="08/12/2012 17:15:05" />
    <file relUrl="images/a2.gif" publishTime="10/21/2014 17:08:34" />
    <file relUrl="backend/images/style.css" publishTime="10/20/2014 15:50:38" />
    <file relUrl="backend/images/login.css" publishTime="10/20/2014 15:50:58" />
    <file relUrl="backend/editor/plugins/emoticons/images/12.gif" publishTime="08/12/2012 17:15:05" />
    <file relUrl="backend/editor/plugins/emoticons/images/96.gif" publishTime="08/12/2012 17:15:05" />
    <file relUrl="backend/editor/plugins/emoticons/images/79.gif" publishTime="08/12/2012 17:15:05" />
    <file relUrl="backend/editor/plugins/emoticons/images/111.gif" publishTime="08/12/2012 17:15:05" />
    <file relUrl="backend/editor/plugins/image/images/align_right.gif" publishTime="08/12/2012 17:15:05" />
    <file relUrl="backend/editor/plugins/code/prettify.css" publishTime="08/12/2012 17:15:05" />
    <file relUrl="backend/editor/plugins/emoticons/images/118.gif" publishTime="08/12/2012 17:15:05" />
    <file relUrl="images/a1.gif" publishTime="10/21/2014 17:08:34" />
    <file relUrl="backend/editor/plugins/emoticons/images/19.gif" publishTime="08/12/2012 17:15:05" />
    <file relUrl="images/logos.gif" publishTime="10/21/2014 17:08:34" />
    <file relUrl="backend/editor/plugins/emoticons/images/0.gif" publishTime="08/12/2012 17:15:05" />
    <file relUrl="backend/editor/plugins/emoticons/images/105.gif" publishTime="08/12/2012 17:15:05" />
    <file relUrl="backend/editor/plugins/emoticons/images/52.gif" publishTime="08/12/2012 17:15:05" />
    <file relUrl="backend/adminlogout.aspx" publishTime="10/20/2014 15:42:49" />
    <file relUrl="bin/ECMS.Core.dll" publishTime="09/30/2014 11:03:12" />
    <file relUrl="backend/editor/plugins/emoticons/images/126.gif" publishTime="08/12/2012 17:15:05" />
    <file relUrl="backend/editor/plugins/filemanager/images/folder-64.gif" publishTime="08/12/2012 17:15:05" />
    <file relUrl="backend/editor/plugins/emoticons/images/59.gif" publishTime="08/12/2012 17:15:05" />
    <file relUrl="images/icon3.gif" publishTime="10/21/2014 17:08:34" />
    <file relUrl="config/siteconfig.config" publishTime="09/24/2014 09:46:24" />
    <file relUrl="Web.config" publishTime="10/20/2014 15:57:01" />
    <file relUrl="backend/editor/plugins/template/html/1.html" publishTime="08/12/2012 17:15:05" />
    <file relUrl="backend/editor/plugins/emoticons/images/84.gif" publishTime="08/12/2012 17:15:05" />
    <file relUrl="backend/editor/kindeditor-min.js" publishTime="08/12/2012 17:15:05" />
    <file relUrl="backend/editor/plugins/emoticons/images/124.gif" publishTime="08/12/2012 17:15:05" />
    <file relUrl="sitefooter.ascx" publishTime="10/27/2014 16:51:44" />
    <file relUrl="backend/editor/plugins/emoticons/images/47.gif" publishTime="08/12/2012 17:15:05" />
    <file relUrl="backend/editor/plugins/emoticons/images/114.gif" publishTime="08/12/2012 17:15:05" />
    <file relUrl="backend/editor/plugins/emoticons/images/14.gif" publishTime="08/12/2012 17:15:05" />
    <file relUrl="backend/editor/plugins/emoticons/images/104.gif" publishTime="08/12/2012 17:15:05" />
    <file relUrl="help.aspx" publishTime="10/27/2014 10:47:20" />
    <file relUrl="backend/editor/plugins/emoticons/images/44.gif" publishTime="08/12/2012 17:15:05" />
    <file relUrl="backend/editor/plugins/emoticons/images/86.gif" publishTime="08/12/2012 17:15:05" />
    <file relUrl="backend/editor/plugins/image/images/align_top.gif" publishTime="08/12/2012 17:15:05" />
    <file relUrl="backend/editor/plugins/emoticons/images/16.gif" publishTime="08/12/2012 17:15:05" />
    <file relUrl="images/qq.png" publishTime="10/21/2014 17:08:34" />
    <file relUrl="backend/editor/plugins/emoticons/images/109.gif" publishTime="08/12/2012 17:15:05" />
    <file relUrl="product.aspx" publishTime="10/27/2014 10:40:20" />
    <file relUrl="backend/editor/plugins/emoticons/images/106.gif" publishTime="08/12/2012 17:15:05" />
    <file relUrl="backend/editor/plugins/emoticons/images/46.gif" publishTime="08/12/2012 17:15:05" />
    <file relUrl="backend/editor/themes/default/default.png" publishTime="08/12/2012 17:15:05" />
    <file relUrl="backend/editor/plugins/emoticons/images/115.gif" publishTime="08/12/2012 17:15:05" />
    <file relUrl="backend/editor/plugins/anchor/anchor.js" publishTime="08/12/2012 17:15:05" />
    <file relUrl="backend/messagelist.aspx" publishTime="10/20/2014 15:42:46" />
    <file relUrl="backend/editor/plugins/emoticons/images/9.gif" publishTime="08/12/2012 17:15:05" />
    <file relUrl="backend/editor/plugins/emoticons/images/77.gif" publishTime="08/12/2012 17:15:05" />
    <file relUrl="backend/editor/plugins/preview/preview.js" publishTime="08/12/2012 17:15:05" />
    <file relUrl="backend/editor/plugins/emoticons/images/4.gif" publishTime="08/12/2012 17:15:05" />
    <file relUrl="helpshow.aspx" publishTime="10/27/2014 10:57:25" />
    <file relUrl="backend/editor/plugins/emoticons/images/64.gif" publishTime="08/12/2012 17:15:05" />
    <file relUrl="backend/editor/themes/simple/simple.css" publishTime="08/12/2012 17:15:05" />
    <file relUrl="backend/articleedit.aspx" publishTime="10/21/2014 16:27:40" />
    <file relUrl="backend/teamedit.aspx" publishTime="10/20/2014 15:42:45" />
    <file relUrl="down.aspx" publishTime="11/02/2014 14:12:31" />
    <file relUrl="backend/editor/plugins/emoticons/images/static.gif" publishTime="08/12/2012 17:15:05" />
    <file relUrl="backend/editor/plugins/wordpaste/wordpaste.js" publishTime="08/12/2012 17:15:05" />
    <file relUrl="backend/editor/plugins/code/code.js" publishTime="08/12/2012 17:15:05" />
    <file relUrl="backend/editor/plugins/emoticons/images/6.gif" publishTime="08/12/2012 17:15:05" />
    <file relUrl="images/banners.jpg" publishTime="10/21/2014 17:08:34" />
    <file relUrl="backend/editor/plugins/emoticons/images/81.gif" publishTime="08/12/2012 17:15:05" />
    <file relUrl="backend/editor/themes/default/default.css" publishTime="08/12/2012 17:15:05" />
    <file relUrl="backend/editor/plugins/emoticons/images/75.gif" publishTime="08/12/2012 17:15:05" />
    <file relUrl="backend/editor/plugins/emoticons/images/128.gif" publishTime="08/12/2012 17:15:05" />
    <file relUrl="backend/teamlist.aspx" publishTime="10/20/2014 15:42:45" />
    <file relUrl="images/style.css" publishTime="10/21/2014 17:08:34" />
    <file relUrl="backend/editor/plugins/emoticons/images/18.gif" publishTime="08/12/2012 17:15:05" />
    <file relUrl="backend/editor/plugins/emoticons/images/83.gif" publishTime="08/12/2012 17:15:05" />
    <file relUrl="backend/editor/plugins/emoticons/images/93.gif" publishTime="08/12/2012 17:15:05" />
    <file relUrl="backend/editor/plugins/emoticons/images/108.gif" publishTime="08/12/2012 17:15:05" />
    <file relUrl="backend/editor/plugins/emoticons/images/40.gif" publishTime="08/12/2012 17:15:05" />
    <file relUrl="backend/editor/plugins/emoticons/images/33.gif" publishTime="08/12/2012 17:15:05" />
    <file relUrl="backend/editor/file_manager_json.ashx" publishTime="08/12/2012 22:21:50" />
    <file relUrl="backend/editor/plugins/lineheight/lineheight.js" publishTime="08/12/2012 17:15:05" />
    <file relUrl="backend/editor/plugins/emoticons/images/85.gif" publishTime="08/12/2012 17:15:05" />
    <file relUrl="backend/editor/plugins/emoticons/images/20.gif" publishTime="08/12/2012 17:15:05" />
    <file relUrl="backend/editor/plugins/emoticons/images/53.gif" publishTime="08/12/2012 17:15:05" />
    <file relUrl="backend/editor/plugins/emoticons/images/90.gif" publishTime="08/12/2012 17:15:05" />
    <file relUrl="backend/editor/plugins/emoticons/images/42.gif" publishTime="08/12/2012 17:15:05" />
    <file relUrl="backend/editor/plugins/emoticons/images/31.gif" publishTime="08/12/2012 17:15:05" />
    <file relUrl="backend/editor/plugins/emoticons/images/119.gif" publishTime="08/12/2012 17:15:05" />
    <file relUrl="backend/editor/plugins/emoticons/images/99.gif" publishTime="08/12/2012 17:15:05" />
    <file relUrl="backend/editor/plugins/image/image.js" publishTime="08/12/2012 17:15:05" />
    <file relUrl="backend/editor/plugins/table/table.js" publishTime="08/12/2012 17:15:05" />
    <file relUrl="backend/videoedit.aspx" publishTime="10/20/2014 15:42:44" />
    <file relUrl="backend/editor/plugins/emoticons/images/73.gif" publishTime="08/12/2012 17:15:05" />
    <file relUrl="backend/editor/plugins/emoticons/images/132.gif" publishTime="08/12/2012 17:15:05" />
    <file relUrl="backend/singlepageedit.aspx" publishTime="10/21/2014 16:28:57" />
    <file relUrl="backend/editor/plugins/multiimage/images/select-files-zh_CN.png" publishTime="08/12/2012 17:15:05" />
    <file relUrl="backend/editor/plugins/emoticons/images/98.gif" publishTime="08/12/2012 17:15:05" />
    <file relUrl="backend/editor/plugins/emoticons/images/60.gif" publishTime="08/12/2012 17:15:05" />
    <file relUrl="backend/editor/plugins/image/images/align_left.gif" publishTime="08/12/2012 17:15:05" />
    <file relUrl="backend/channeledit.aspx" publishTime="10/21/2014 16:06:14" />
    <file relUrl="backend/editor/plugins/emoticons/images/30.gif" publishTime="08/12/2012 17:15:05" />
    <file relUrl="backend/editor/plugins/emoticons/images/71.gif" publishTime="08/12/2012 17:15:05" />
    <file relUrl="backend/videolist.aspx" publishTime="10/20/2014 15:42:44" />
    <file relUrl="backend/editor/plugins/flash/flash.js" publishTime="08/12/2012 17:15:05" />
    <file relUrl="images/icon2.gif" publishTime="10/21/2014 17:08:34" />
    <file relUrl="backend/editor/plugins/emoticons/images/66.gif" publishTime="08/12/2012 17:15:05" />
    <file relUrl="backend/adminlogin.aspx" publishTime="10/21/2014 10:07:55" />
    <file relUrl="service.aspx" publishTime="10/27/2014 10:48:33" />
    <file relUrl="bin/QiZhanBang.Core.pdb" publishTime="10/27/2014 16:48:24" />
    <file relUrl="backend/editor/plugins/multiimage/images/image.png" publishTime="08/12/2012 17:15:05" />
    <file relUrl="backend/productedit.aspx" publishTime="10/21/2014 16:19:38" />
    <file relUrl="backend/editor/plugins/emoticons/images/25.gif" publishTime="08/12/2012 17:15:05" />
    <file relUrl="backend/editor/plugins/emoticons/images/56.gif" publishTime="08/12/2012 17:15:05" />
    <file relUrl="backend/editor/plugins/pagebreak/pagebreak.js" publishTime="08/12/2012 17:15:05" />
    <file relUrl="images/li.gif" publishTime="10/21/2014 17:08:34" />
    <file relUrl="backend/editor/plugins/template/template.js" publishTime="08/12/2012 17:15:05" />
    <file relUrl="images/icon1.gif" publishTime="10/21/2014 17:08:34" />
    <file relUrl="backend/editor/plugins/emoticons/images/45.gif" publishTime="08/12/2012 17:15:05" />
    <file relUrl="backend/editor/plugins/emoticons/images/87.gif" publishTime="08/12/2012 17:15:05" />
    <file relUrl="backend/editor/plugins/emoticons/images/97.gif" publishTime="08/12/2012 17:15:05" />
    <file relUrl="siteheader.ascx" publishTime="10/27/2014 11:02:01" />
    <file relUrl="backend/editor/plugins/emoticons/emoticons.js" publishTime="08/12/2012 17:15:05" />
    <file relUrl="backend/editor/plugins/emoticons/images/37.gif" publishTime="08/12/2012 17:15:05" />
    <file relUrl="backend/editor/plugins/emoticons/images/8.gif" publishTime="08/12/2012 17:15:05" />
    <file relUrl="backend/editor/plugins/emoticons/images/74.gif" publishTime="08/12/2012 17:15:05" />
    <file relUrl="backend/leftsys.aspx" publishTime="10/21/2014 10:42:25" />
    <file relUrl="backend/editor/plugins/emoticons/images/57.gif" publishTime="08/12/2012 17:15:05" />
    <file relUrl="backend/editor/plugins/emoticons/images/91.gif" publishTime="08/12/2012 17:15:05" />
    <file relUrl="backend/images/logo.gif" publishTime="10/20/2014 15:47:55" />
    <file relUrl="backend/editor/plugins/insertfile/insertfile.js" publishTime="08/12/2012 17:15:05" />
    <file relUrl="backend/editor/plugins/emoticons/images/7.gif" publishTime="08/12/2012 17:15:05" />
    <file relUrl="backend/editor/lang/en.js" publishTime="08/12/2012 17:15:05" />
    <file relUrl="backend/editor/plugins/emoticons/images/35.gif" publishTime="08/12/2012 17:15:05" />
    <file relUrl="backend/editor/plugins/emoticons/images/2.gif" publishTime="08/12/2012 17:15:05" />
    <file relUrl="backend/editor/plugins/plainpaste/plainpaste.js" publishTime="08/12/2012 17:15:05" />
    <file relUrl="backend/editor/themes/common/rm.gif" publishTime="08/12/2012 17:15:05" />
    <file relUrl="backend/editor/plugins/emoticons/images/133.gif" publishTime="08/12/2012 17:15:05" />
    <file relUrl="backend/productlist.aspx" publishTime="10/21/2014 16:27:06" />
    <file relUrl="backend/editor/plugins/emoticons/images/24.gif" publishTime="08/12/2012 17:15:05" />
    <file relUrl="backend/editor/plugins/emoticons/images/22.gif" publishTime="08/12/2012 17:15:05" />
    <file relUrl="backend/editor/plugins/template/html/3.html" publishTime="08/12/2012 17:15:05" />
    <file relUrl="backend/editor/plugins/emoticons/images/65.gif" publishTime="08/12/2012 17:15:05" />
    <file relUrl="backend/editor/plugins/filemanager/filemanager.js" publishTime="08/12/2012 17:15:05" />
    <file relUrl="backend/editor/plugins/map/map.html" publishTime="08/12/2012 17:15:05" />
    <file relUrl="backend/editor/plugins/emoticons/images/131.gif" publishTime="08/12/2012 17:15:05" />
    <file relUrl="backend/editor/plugins/emoticons/images/121.gif" publishTime="08/12/2012 17:15:05" />
    <file relUrl="backend/main.aspx" publishTime="10/21/2014 10:21:07" />
    <file relUrl="news.aspx" publishTime="10/27/2014 10:34:49" />
    <file relUrl="backend/editor/themes/common/loading.gif" publishTime="08/12/2012 17:15:05" />
    <file relUrl="images/logo.gif" publishTime="10/21/2014 17:08:34" />
    <file relUrl="backend/editor/plugins/emoticons/images/101.gif" publishTime="08/12/2012 17:15:05" />
    <file relUrl="backend/editor/themes/qq/editor.gif" publishTime="08/12/2012 17:15:05" />
    <file relUrl="backend/editor/plugins/emoticons/images/62.gif" publishTime="08/12/2012 17:15:05" />
    <file relUrl="backend/editor/plugins/baidumap/map.html" publishTime="08/12/2012 17:15:05" />
    <file relUrl="backend/editor/plugins/emoticons/images/112.gif" publishTime="08/12/2012 17:15:05" />
    <file relUrl="backend/editor/lang/zh_TW.js" publishTime="08/12/2012 17:15:05" />
    <file relUrl="backend/linklist.aspx" publishTime="10/22/2014 16:30:25" />
    <file relUrl="backend/editor/plugins/emoticons/images/103.gif" publishTime="08/12/2012 17:15:05" />
    <file relUrl="backend/productcategorylist.aspx" publishTime="10/21/2014 11:39:42" />
    <file relUrl="backend/editor/plugins/emoticons/images/41.gif" publishTime="08/12/2012 17:15:05" />
    <file relUrl="backend/articlecategorylist.aspx" publishTime="10/21/2014 11:55:37" />
    <file relUrl="bin/QiZhanBang.Web.pdb" publishTime="10/27/2014 16:55:56" />
    <file relUrl="bin/QiZhanBang.Core.dll" publishTime="10/27/2014 16:48:24" />
    <file relUrl="backend/editor/themes/default/background.png" publishTime="08/12/2012 17:15:05" />
    <file relUrl="backend/editor/plugins/emoticons/images/48.gif" publishTime="08/12/2012 17:15:05" />
    <file relUrl="backend/editor/plugins/emoticons/images/21.gif" publishTime="08/12/2012 17:15:05" />
    <file relUrl="images/ourwork.gif" publishTime="10/21/2014 17:08:34" />
  </publishTarget>
</publishData>